{"cameraMode":{"drawMode":0,"name":"Shaded","section":"Shading Mode"},"sceneLighting":false,"audioPlay":false,"sceneViewState":{"m_AlwaysRefresh":false,"showFog":true,"showSkybox":false,"showFlares":true,"showImageEffects":true,"showParticleSystems":true,"showVisualEffectGraphs":true,"m_FxEnabled":true},"in2DMode":false,"pivot":{"x":1.9004440307617188,"y":0.5299999713897705,"z":3.3634891510009767},"rotation":{"x":0.29131099581718447,"y":0.04050053656101227,"z":-0.012235862202942372,"w":0.9558828473091126},"size":0.8660253882408142,"orthographic":false}