{"cameraMode":{"drawMode":0,"name":"Shaded","section":"Shading Mode"},"sceneLighting":true,"audioPlay":false,"sceneViewState":{"m_AlwaysRefresh":false,"showFog":true,"showSkybox":true,"showFlares":true,"showImageEffects":true,"showParticleSystems":true,"showVisualEffectGraphs":true,"m_FxEnabled":true},"in2DMode":false,"pivot":{"x":1.301133155822754,"y":11.977686882019043,"z":-15.416868209838868},"rotation":{"x":-0.35166990756988528,"y":0.01656583696603775,"z":-0.0062242005951702599,"w":-0.9359674453735352},"size":0.8660255074501038,"orthographic":false}